[
  {
    "title": "Personal Portfolio Website",
    "slug": "personal-portfolio-website",
    "description": "<p>A fast, responsive portfolio built with Next.js and Strapi.</p>",
    "demoUrl": "https://example.com/portfolio",
    "repoUrl": "https://github.com/example/portfolio",
    "tags": [
      "nextjs",
      "strapi",
      "react"
    ]
  },
  {
    "title": "Chat App (Java)",
    "slug": "chat-app-java",
    "description": "<p>Console-based chat application implemented in Java.</p>",
    "demoUrl": "",
    "repoUrl": "https://github.com/example/chat-app-java",
    "tags": [
      "java",
      "sockets"
    ]
  }
]